{
	"class_name" : "PinholeCameraParameters",
	"extrinsic" : 
	[
		-0.85638832130147136,
		0.20337034914394517,
		-0.47459408364150296,
		0.0,
		0.47070108324729115,
		0.68529878960272816,
		-0.55570321143472134,
		0.0,
		0.21222519494224701,
		-0.69928968965522853,
		-0.68260852366024527,
		0.0,
		0.24333425920669272,
		0.11799660342948504,
		4.1172030438176108,
		1.0
	],
	"intrinsic" : 
	{
		"height" : 1055,
		"intrinsic_matrix" : 
		[
			913.65680099258282,
			0.0,
			0.0,
			0.0,
			913.65680099258282,
			0.0,
			959.5,
			527.0,
			1.0
		],
		"width" : 1920
	},
	"version_major" : 1,
	"version_minor" : 0
}