{
	"class_name" : "PinholeCameraParameters",
	"extrinsic" : 
	[
		-0.92533624389149416,
		0.0081869322893156349,
		-0.37905911132760239,
		0.0,
		0.30284422772889613,
		0.61748190468224373,
		-0.72594866975653116,
		0.0,
		0.22811884944491112,
		-0.78654247916414455,
		-0.57385775153625951,
		0.0,
		1.4522383838882995,
		-0.080737960945020948,
		5.3876830620105949,
		1.0
	],
	"intrinsic" : 
	{
		"height" : 1051,
		"intrinsic_matrix" : 
		[
			910.19269937744502,
			0.0,
			0.0,
			0.0,
			910.19269937744502,
			0.0,
			959.5,
			525.0,
			1.0
		],
		"width" : 1920
	},
	"version_major" : 1,
	"version_minor" : 0
}