{
	"class_name" : "PinholeCameraParameters",
	"extrinsic" : 
	[
		0.33629901934289474,
		-0.11467742538452172,
		0.93474705546269843,
		0.0,
		-0.56754649335309026,
		0.76738992090960767,
		0.29833485744873467,
		0.0,
		-0.75152774231668795,
		-0.63084213349579277,
		0.19298770721177663,
		0.0,
		2.0147881698428938,
		-0.0074300138044475217,
		3.610535881238043,
		1.0
	],
	"intrinsic" : 
	{
		"height" : 1055,
		"intrinsic_matrix" : 
		[
			913.65680099258282,
			0.0,
			0.0,
			0.0,
			913.65680099258282,
			0.0,
			959.5,
			527.0,
			1.0
		],
		"width" : 1920
	},
	"version_major" : 1,
	"version_minor" : 0
}