{
	"class_name" : "PinholeCameraParameters",
	"extrinsic" : 
	[
		0.55359900980515642,
		0.18224059845969884,
		0.81259860977963849,
		0.0,
		-0.83043073477963514,
		0.047510469790088238,
		0.55509237969339897,
		0.0,
		0.062553425774340199,
		-0.98210545234886881,
		0.17763994311673875,
		0.0,
		0.37334367317060502,
		1.5668399843070655,
		3.7387166305905115,
		1.0
	],
	"intrinsic" : 
	{
		"height" : 1055,
		"intrinsic_matrix" : 
		[
			913.65680099258282,
			0.0,
			0.0,
			0.0,
			913.65680099258282,
			0.0,
			959.5,
			527.0,
			1.0
		],
		"width" : 1920
	},
	"version_major" : 1,
	"version_minor" : 0
}