{
	"class_name" : "PinholeCameraParameters",
	"extrinsic" : 
	[
		0.85763687443393533,
		-0.12040737818815465,
		0.49996179159650767,
		0.0,
		0.041597799850829523,
		0.98526037367915253,
		0.16592050655303184,
		0.0,
		-0.51257059480500877,
		-0.12150744559685042,
		0.850005054366617,
		0.0,
		0.26398275942677107,
		-0.50666901683925547,
		2.0166095853212953,
		1.0
	],
	"intrinsic" : 
	{
		"height" : 1055,
		"intrinsic_matrix" : 
		[
			913.65680099258282,
			0.0,
			0.0,
			0.0,
			913.65680099258282,
			0.0,
			959.5,
			527.0,
			1.0
		],
		"width" : 1920
	},
	"version_major" : 1,
	"version_minor" : 0
}