{
	"class_name" : "PinholeCameraParameters",
	"extrinsic" : 
	[
		0.56119977696155332,
		-0.23581261105682938,
		0.79337710000028583,
		0.0,
		-0.060385467654240486,
		0.94433523690377275,
		0.32339535500386224,
		0.0,
		-0.82547465474990911,
		-0.22939784830825213,
		0.51572106952989871,
		0.0,
		0.63377794977937674,
		-0.95103423481112825,
		4.6251977779559219,
		1.0
	],
	"intrinsic" : 
	{
		"height" : 1055,
		"intrinsic_matrix" : 
		[
			913.65680099258282,
			0.0,
			0.0,
			0.0,
			913.65680099258282,
			0.0,
			959.5,
			527.0,
			1.0
		],
		"width" : 1920
	},
	"version_major" : 1,
	"version_minor" : 0
}